baseMean,log2FoldChange,lfcSE,stat,pvalue,padj
1419.85450530825,-1.12539546622336,0.188650082669636,-5.96551801248958,2.43859143646974e-09,4.64262344239769e-07
2023.62084257289,-2.45281435149266,0.531448280690538,-4.61533970587992,3.92452847661597e-06,0.000361330050111385
304.649815039272,-1.37734311645654,0.394215345281404,-3.49388508829698,0.00047604587506552,0.0196807531509602
209.443006105987,-2.00343557356385,0.581208158455953,-3.44701901447187,0.000566808688091593,0.0223001001365633
1086.43425425563,1.32821888016241,0.307085551749689,4.3252405480967,1.52365505285746e-05,0.00116215649506318
86.3997473112609,-3.09269553595334,0.745351858889053,-4.14930948258853,3.33479702381751e-05,0.00232659053230001
54.9087123038978,2.46976876508531,0.503582247584343,4.90439998020713,9.3713357696776e-07,0.000103707910377245
235.920810107292,2.40196552589853,0.496453640739135,4.83824737859192,1.30989046480719e-06,0.000138805138169309
107.897501517399,-1.15531596784432,0.363669596181516,-3.17682858279875,0.00148895013997298,0.0451595839513373
353.777268631486,1.20274300856751,0.371947936726692,3.23363269373715,0.00122226541191642,0.0393383846399749
199.169426823688,-1.67075869511638,0.379909223923368,-4.39778397023966,1.09361749411752e-05,0.000871209822884752
275.028325592859,-2.16458940553412,0.437159580250007,-4.95148568926757,7.36490365548608e-07,8.23192160085526e-05
36.6451776934371,2.05892092694586,0.427520722639903,4.81595585409802,1.46496911601257e-06,0.000152363570329733
141.335779330629,2.53580344524198,0.653047263461157,3.88303203630652,0.0001031619700635,0.00590863405486134
1969.97576763932,-1.47275881055723,0.302151238361789,-4.87424383412185,1.09226014179058e-06,0.000117969346564064
193.838269760302,-8.08783653687138,0.747100984580514,-10.8256269283497,2.60291696301314e-27,5.84745295740902e-24
784.764036734567,-2.75844876559401,0.536555479176665,-5.14103177145223,2.73233840659523e-07,3.35420668328753e-05
12.6613934774459,7.04747445690664,1.81239695547979,3.88848283793381,0.000100872801598577,0.00581053202028725
56.4447902020799,4.54616368125764,1.28033754989255,3.55075400361349,0.000384129271443902,0.0167888406283799
2608.32981694216,1.08118179058121,0.251840294107913,4.29312471386303,1.76175980724551e-05,0.00131926446899235
70.2126858126924,6.81098806270786,1.93358532128328,3.52246574678565,0.000427552288035804,0.0182257346313555
441.163285065676,1.14614598779995,0.292474142968627,3.91879424336973,8.89930422867273e-05,0.00531709759300885
513.860534128686,-2.3694076672248,0.418713286847462,-5.65878309012911,1.52450086844503e-08,2.463878561843e-06
1140.47840001291,1.2462894437644,0.389620543281446,3.19872621004003,0.00138036192474723,0.0426518454924243
170.398713960526,-1.69502480059401,0.360381528665243,-4.70341753327904,2.5584246118187e-06,0.000245619696173107
249.736411381259,-1.13195974948707,0.310903451696198,-3.64087224928326,0.000271715942452935,0.0128778452472683
2764.48636753641,-2.31271780334529,0.694644995918602,-3.32935213948665,0.000870482701822109,0.0309911155252515
831.39257396341,-3.25588939422546,0.431701293406358,-7.5419959216122,4.6283222762057e-14,2.16615124864502e-11
890.197456438308,-2.30586030824511,0.296291237183843,-7.78241142114631,7.11550231243016e-15,3.53358986792433e-12
124.623203625648,-1.46672482772655,0.42246529819116,-3.47182321011103,0.000516936641300001,0.0209999668115814
77.4490602274587,-4.61541544341187,1.02240892827114,-4.514255808795,6.35394857163929e-06,0.000540687328264684
691.704602636971,-3.7999811196995,0.510078462749555,-7.4497972316178,9.34837984430011e-14,3.9624783623057e-11
225.075563756316,1.68820478924005,0.490032888574989,3.44508466390763,0.000570880551062265,0.022421034230094
376.761885540863,-1.4800767793889,0.367218102438495,-4.03051148502898,5.56556092825035e-05,0.00362298793233786
193.117909342874,2.96274160441237,0.594690712731276,4.98198734398455,6.29345520060437e-07,7.17677518180595e-05
18.8973080284016,-7.36112678160264,1.38365959675851,-5.32004172041123,1.03743458863204e-07,1.37093929609523e-05
70.655415230385,-3.60827956814134,0.642923307707612,-5.61230169272741,1.99652953459299e-08,3.15859408412898e-06
2973.09074113171,1.23825474532936,0.381562590667886,3.24522051064264,0.00117359705971904,0.0383413152255123
110.183902664337,1.49694773375532,0.406367720581428,3.68372697421315,0.000229848430202634,0.0113985540496737
101.374618902328,1.63380320595427,0.446563262938075,3.65861534422913,0.000253581608133253,0.0122247013448788
207.969581430933,-1.70771641495953,0.381742525349221,-4.47347702066281,7.6957831956519e-06,0.000642698027845055
1099.76341479688,1.14936623200689,0.310616962805867,3.70026872204413,0.000215371284768631,0.0107518131385051
28.8438820721696,2.46968717843104,0.781649290327283,3.15958475110616,0.00157994141721838,0.0468186281238477
472.866980362791,-4.16285820983889,0.974616643923121,-4.27127756928319,1.94356319110337e-05,0.00143625483842557
1689.80173033825,1.4248467820429,0.398082871004397,3.5792717693376,0.000344553010361923,0.0153884361387288
10220.4892174631,-3.49442758504749,0.32892813057719,-10.6236811637716,2.31257727549898e-26,3.71086060672033e-23
115.609374681791,-3.17253671711133,0.662824374024508,-4.78639114890791,1.69806966517857e-06,0.000174187831179163
17.2846434694536,6.80899035786573,2.11048998061288,3.22626045156036,0.00125419169992891,0.0397396566134034
235.201928459292,-4.47971963565184,0.843185048470703,-5.31285468566689,1.07921096003068e-07,1.4178055097713e-05
1251.07750428562,1.18571851484836,0.367993012448498,3.22212236302803,0.00127244780390361,0.0400956797053706
19.6875099099624,2.06070380545546,0.639873419220487,3.22048665182228,0.00127973152087495,0.0401137389135535
101.734655322839,-3.19925108287815,0.753880965984173,-4.24370852592307,2.19855881946434e-05,0.00158303281664315
488.105476873204,-4.64619115585229,1.40394670657424,-3.30937857832896,0.000935033127373979,0.0327699207589024
94.3686033946826,1.53323299561157,0.484930114658845,3.16176073471994,0.00156818357542618,0.0465995291295623
59.7549795600821,-6.56560295031434,1.00653457579609,-6.52297805579256,6.89249502685653e-11,1.91160371331274e-08
2349.35634650857,-3.99807556657126,0.375535108445299,-10.6463429827457,1.81350082183031e-26,3.13386892018599e-23
929.535704695873,1.0798559421456,0.303940569726491,3.55285226686695,0.000381078412164883,0.016720559627508
1260.8982339008,-1.7751224657003,0.279327945061971,-6.3549762817554,2.08458783072251e-10,5.14618303485506e-08
4836.06889562337,-1.77117945928428,0.179209957905713,-9.88326474701894,4.92032168606588e-23,6.140834815415e-20
516.640365537247,-3.13688800084093,0.482748355360511,-6.49797760263384,8.14069201627759e-11,2.20338127886357e-08
16.5681724944806,-2.93882813967953,0.877650155950902,-3.34851890557168,0.000812447375797865,0.0294381133827404
2016.47026397196,1.19265195325325,0.359545684992067,3.31710823696734,0.000909543731260112,0.0320767659697934
428.948070083134,1.34787550855141,0.296173782997412,4.55096158380498,5.34012985781815e-06,0.000466793841462587
615.849364012209,-2.61352454972585,0.667709834840828,-3.91416213054414,9.0718667019486e-05,0.00539152077934591
94.6140855372285,-4.41849027469907,1.36152614950679,-3.24524819174399,0.00117348297505404,0.0383413152255123
4977.26668827429,1.06498612744713,0.22697786263311,4.6920264165523,2.70512187821484e-06,0.000257502385568205
4423.25259458929,-3.35539250515167,0.790126938762066,-4.24664992489529,2.16990598909298e-05,0.00156742566061009
56.7438422862501,-2.59340328829579,0.388022639057188,-6.68363911599903,2.3308038280334e-11,6.80019584373642e-09
1268.76489613277,-1.02380480782565,0.255990806469184,-3.99938115726392,6.35083285609582e-05,0.00398473564678328
2055.49461919531,1.22013368519878,0.285766795690082,4.26968319483145,1.95750812188377e-05,0.00144181704780718
379.93670599821,1.16990558530599,0.316782326903806,3.69308981577513,0.000221545731967408,0.0110355318595295
45.7715663499581,2.84985651860154,0.876718401670598,3.25059507496489,0.00115163754718922,0.0381024116312309
538.046146595402,-1.60508313579898,0.507851020572939,-3.16053935263965,0.00157477330792842,0.0467335302016009
94.3174634374222,-1.88868051838831,0.545797383471329,-3.46040595939854,0.000539361587774963,0.0216035808261435
3664.32723724611,-4.35104349404563,0.408154077280446,-10.6602965307535,1.56098942296943e-26,2.92230228225068e-23
1748.73072488779,-1.37894430470376,0.380296624810125,-3.6259703997958,0.000287878331720767,0.0133896205426647
471.973600046048,-2.4829629696322,0.570555361622083,-4.35183531107859,1.35002656087005e-05,0.00105306759340089
87.2356379646274,-6.91032880274062,0.785194943351321,-8.80078108150618,1.35867162218148e-18,8.97722293891381e-16
380.537878969802,1.57702212197244,0.467682517622157,3.37199288523871,0.000746263761776647,0.0275737095531454
19.5908426577203,-5.11099192526177,1.2682673058105,-4.02990119026645,5.58003037876208e-05,0.00362298793233786
170.365538013724,-3.3536732991567,1.06835224824645,-3.13910819644111,0.00169462864635325,0.0491858301554595
822.698012161977,-1.18462666077184,0.28447396136391,-4.16427097612782,3.12348977374469e-05,0.0021927874302242
267.251783262778,-1.78204506439333,0.531883532135453,-3.35044226174595,0.000806826277458824,0.0292888332300778
743.988440610062,-4.70927072833072,0.633353264678459,-7.43545662580823,1.04207357258134e-13,4.33521903852589e-11
99.6215135118584,-3.78280335290904,1.12551511497561,-3.36095295618579,0.000776740540859913,0.0285122160954542
41.7686486534462,-2.48996918016401,0.695473242251208,-3.58025158826257,0.000343263541929427,0.0153613853972999
875.438582185413,-3.34905127233584,0.36398943181243,-9.20095744445039,3.54774352664849e-20,3.32083576358993e-17
228.255055627432,-1.5107425050917,0.462744896985165,-3.26474157777721,0.00109563987861888,0.036736641601751
472.224557542653,-1.58189232384626,0.326401412480725,-4.84646286247206,1.25682101496722e-06,0.000134449924291612
105.896379997644,-5.96399051908995,1.37254802187309,-4.34519625109438,1.39151200573092e-05,0.00107794197271535
25.1486277668006,7.05285146438159,1.85366290734678,3.80481879225636,0.000141908039967879,0.00759039075685335
119.859659332257,2.24900983080198,0.533907453112148,4.21235893541567,2.52717539724644e-05,0.00180805717513189
265.974125937472,-6.00729516086217,0.938830008275091,-6.39870382061961,1.56701465958048e-10,3.95539149746915e-08
262.037419962385,-2.50429923929698,0.276524754461948,-9.05632931189021,1.34914316295259e-19,1.16571158291269e-16
396.86032046809,-5.54748316312631,0.958114101555608,-5.79000262507287,7.03853242537996e-09,1.27516637851743e-06
44.3932919966599,-4.11116876783428,0.688646038999065,-5.96993017459273,2.37355146840362e-09,4.62841141809897e-07
34.9650839085408,-4.79524547434567,0.871763381411313,-5.50062732227013,3.78442355705972e-08,5.7443969736045e-06
396.145650847942,-1.29661575191372,0.265038819744757,-4.89217297738654,9.97287343890588e-07,0.000108757573691758
4655.34537500947,-1.74243560319478,0.317553542870379,-5.4870608195545,4.08676456697507e-08,6.120611066473e-06
4000.99040585172,-1.93646565720655,0.299526217910873,-6.46509567914607,1.01234734306917e-10,2.58436171159648e-08
160.017467272189,-2.06606380912625,0.475051024861177,-4.34914083119811,1.36671926087235e-05,0.0010623995915397
833.129152292913,-1.01914482255535,0.29555263220703,-3.44826846895227,0.000564192945607477,0.022275210058123
1131.92142500677,-1.06019627297572,0.268653626174648,-3.94633152015041,7.93577166406672e-05,0.00479662184694963
173.474532210894,-5.60461911196471,0.779132752823829,-7.19340714615289,6.31941349967663e-13,2.21821287922243e-10
429.009375196684,1.4367706359911,0.365813694489373,3.92760210356981,8.57970007687019e-05,0.00515355513975639
281.564257401477,1.12463988255592,0.216436310893916,5.19617007844469,2.03436149309534e-07,2.58202999674502e-05
1951.77352898789,-1.69584740673933,0.372892122780402,-4.54782309182226,5.42036682868067e-06,0.000470148806201974
24.3843387184743,-2.83837927924916,0.84288719530341,-3.36744856852102,0.000758671760548554,0.0279861430225341
81.7020024361505,-4.17667292260629,1.22876453049223,-3.39908324089821,0.000676121352065714,0.025657206375264
318.208237711932,-5.59818445684555,0.6060260042404,-9.23753175222634,2.52248720741608e-20,2.46381196150444e-17
71.4491712496484,6.08985943778468,1.52647363878437,3.98949531983692,6.62140256270857e-05,0.00412049331222294
573.784954471373,3.41272741433443,0.98779817927166,3.45488328076365,0.000550531097184801,0.0218510266753649
67.1025009448538,2.20041636580935,0.526239577986518,4.18139656889456,2.89724039929253e-05,0.00206623827206688
414.841545264522,-1.13047071004295,0.321289546747761,-3.51854183083792,0.000433925400059102,0.0184067832441461
325.810119574332,-5.04421852350231,1.06435036916098,-4.73924627609104,2.14514655094695e-06,0.00020952485768271
20.5513070592149,2.2022956375008,0.681605774334797,3.23104017076455,0.00123340604083585,0.0395176467435888
455.600994444923,1.27711341729358,0.377527662168217,3.38283401528478,0.000717419781349573,0.0267721518073391
606.824239017162,1.14018491786198,0.348100910420688,3.27544365363493,0.00105496156741998,0.0360746558682905
295.149276150882,-2.61735541889691,0.647296333417929,-4.0435196119163,5.26547495783623e-05,0.00344558573684484
144.381775164697,-5.75525876718309,0.963691870154949,-5.97209434407464,2.34227005115719e-09,4.61571023677598e-07
59.560796475052,4.41644370034322,1.10084726947426,4.01185870447988,6.02425545020707e-05,0.00382301973697463
27.8561189856467,-3.68780904870705,0.696014826546158,-5.29846334884431,1.16781311600952e-07,1.5077541178824e-05
33.2489651816924,4.07436607778725,1.24585969510064,3.27032497624712,0.00107423995670064,0.0365095319626019
630.539898842563,-6.67997237161884,0.466814679925373,-14.30968788875,1.90365751888323e-46,1.42552220539039e-42
41.1363787020655,-3.45054810358408,0.812397885921637,-4.2473622388487,2.16302083423624e-05,0.00156742566061009
2664.52164993843,-1.73227935076688,0.43847136208984,-3.95072403933179,7.79151228302499e-05,0.00474353180049204
546.641307824906,-2.0048044797572,0.538486810112556,-3.72303358616742,0.000196843324769093,0.0100960851391271
2001.31690825598,-1.17915289917072,0.324670053236555,-3.6318498962748,0.000281396791645567,0.0131425757262322
49.7058284965607,4.06423590595225,1.23597254674583,3.28828978981199,0.00100798026989792,0.0346242763964172
44.6250579285842,-5.40015894107932,1.53133295988512,-3.52644335526118,0.000421181250926361,0.0179882828936515
2085.68435100331,-1.33985608859188,0.404510062897425,-3.31229359041097,0.000925343813370997,0.0325318447063841
258.407921277615,-1.96808009213256,0.507699255001272,-3.87646834763945,0.000105983589863406,0.00601242764212476
139.179007630172,-1.27118097849462,0.340325159391894,-3.73519542535738,0.00018756947041776,0.0096645599837958
3155.74071004964,-1.18401540846294,0.353803413106301,-3.34653472691965,0.000818284292870736,0.0295068324869038
77.6101838548442,2.44905644429995,0.627025438786889,3.90583267090114,9.3901475505418e-05,0.0055037795922962
86.905253702704,-6.40645049147601,1.32394671480462,-4.83890357507433,1.30557364806283e-06,0.000138805138169309
1992.14495971329,-1.58729910189713,0.317455315585946,-5.00007095161521,5.73092210873975e-07,6.63634872024941e-05
239.682786304067,-1.80141975362372,0.51631981585237,-3.48896110185086,0.000484901705711645,0.0198783153627958
587.808923332312,-1.93023288786781,0.353070407119108,-5.46699142422505,4.57738189679126e-08,6.67733015009193e-06
247.024916462742,-1.79380555176389,0.429089922137088,-4.18048865568741,2.90883323879142e-05,0.00206794109840029
735.568747620334,-1.01039985288058,0.279171209968238,-3.61928385450468,0.000295419447871778,0.0136555512272418
12490.5071510557,-1.79707656680317,0.327834156312633,-5.4816636161896,4.21344797704587e-08,6.22730978975892e-06
62.9055979217491,-5.66678957210486,1.80572688930489,-3.13823181438378,0.00169970395004327,0.0492694828873833
33.0442421552913,-3.66513955295432,0.774052738400579,-4.7349997889389,2.19055326999719e-06,0.000213033676235874
1588.22446596948,-1.01521573323738,0.217386332875883,-4.67009917232017,3.01054361262638e-06,0.000285366507416252
493.087827558619,1.53863804697038,0.330499817510967,4.65548834053236,3.23213698353616e-06,0.000303807352866694
33.1990994455209,-4.04910062807019,1.03352009328303,-3.91777639775537,8.93695460900691e-05,0.00532542931807269
279.538236890548,1.37563135446666,0.360609606123015,3.81473851807872,0.000136327207704408,0.00735211732467102
25.4235795951441,3.84962745269945,1.11589965790502,3.44979714388184,0.000561007944494625,0.0221884568187883
61.0021582106224,5.54137023657452,1.67687729842808,3.30457705031194,0.000951198258824972,0.0331846210709273
371.945331546926,-5.57543198601578,0.687564530697906,-8.10895812260194,5.10556375869011e-16,2.86741224597433e-13
380.83654448171,-1.73918046249803,0.535887104811176,-3.24542323725227,0.00117276178119523,0.0383413152255123
510.146273997091,-4.36330798117508,0.959396922425144,-4.54796954126724,5.41659724798354e-06,0.000470148806201974
47.1187092497471,-5.3236779259121,1.31253945063351,-4.0560136484603,4.99173438244297e-05,0.00328854290033963
44.2602609455039,-1.81420437119362,0.516402379324039,-3.51316036453661,0.000442810129844994,0.0186987397875335
24.4606057728192,3.54014456439574,1.02829629902147,3.44272810061124,0.000575877988066398,0.0225778342092699
43.754899308973,2.02303916374587,0.545264904433794,3.71019507636679,0.000207099603851678,0.010478586938126
2062.3772175524,-1.98566258742686,0.412002929938891,-4.81953511282402,1.43893127225948e-06,0.000150351586192136
1539.48560094059,-1.25684742300848,0.392391430817576,-3.20304503181874,0.00135982715855879,0.0422524441452604
1394.25084786672,1.31361353705478,0.404511578882587,3.24740651598522,0.001164619160222,0.0383306099456638
53.9666763575997,-2.66372626955631,0.51115881364422,-5.21115199122895,1.87671616468899e-07,2.39547889998513e-05
675.13537610822,-1.19588554902031,0.34349098002477,-3.4815631808849,0.000498496164380183,0.0203613024232742
144.419640697831,-2.7383717510528,0.570064533485288,-4.80361711736531,1.55824673812359e-06,0.000161318032128786
199.747189549705,-1.12684476255801,0.249319663859956,-4.51967865314856,6.19335657548383e-06,0.000533079522866836
29.4689465623486,-5.04720216565272,1.59209573533272,-3.17016248058596,0.00152353718151711,0.0457080374957424
6049.82640460104,-3.2421599071002,0.500242770289967,-6.48117294173162,9.10122763819591e-11,2.3774311499078e-08
5177.54222625796,-3.0817940711934,0.502303687379561,-6.13532042193566,8.49877199681496e-10,1.90924912908448e-07
445.679776292531,-1.25966991088199,0.342804035925503,-3.67460641903218,0.000238216341134106,0.0117101315176755
317.112243573674,1.42469281708857,0.35484138398047,4.01501313377526,5.94424845842091e-05,0.00378293319032368
1203.51209353569,-2.19011108567145,0.238244851756598,-9.19269008133268,3.83137633469243e-20,3.44287477435462e-17
1218.00767751384,1.30362880445908,0.394377804958198,3.30553288767673,0.000947959783536217,0.0331712095594098
1448.86713947269,-1.66948843568536,0.472441248042548,-3.53374825462955,0.000409711118424328,0.0176086055930206
691.200861066766,-1.98088946573334,0.366708148385476,-5.40181469774997,6.59700794298973e-08,9.0921339533291e-06
1058.19467879331,2.21970442205666,0.615030806834177,3.60909469475589,0.000307267440251203,0.0141160798471233
251.597042151124,-1.45194178358903,0.457166253070458,-3.17596011043548,0.00149341484957894,0.0452150466250552
21.639702148318,5.31435068559059,1.6094548944367,3.30195689482219,0.00096012823814201,0.0333373738328597
69.2814331173594,-4.68399999602917,0.910688071489365,-5.14336372976624,2.69862419010814e-07,3.33102156213073e-05
3271.18839133313,-1.51993631192088,0.427266243077235,-3.55735173687973,0.000374612408557325,0.0165013093298829
13.5259194661435,5.61616874554765,1.4130271635659,3.97456530939912,7.05079131363215e-05,0.0043755808525068
2315.6332136118,-2.2379590789983,0.266945607944818,-8.38357707485085,5.13430306744307e-17,3.11735455162456e-14
84.6144977065064,-1.6898022788755,0.446721161460372,-3.78267793124324,0.00015515011094559,0.00820105233504162
1625.91151167762,-1.05939219325238,0.211496320568689,-5.00903368154963,5.47040000841004e-07,6.40065292650685e-05
188.648095137922,-2.5275395419119,0.508262730073032,-4.97289962919122,6.59588154443983e-07,7.48366055029499e-05
119.036632339343,-1.61231446108521,0.511126499176662,-3.15443332263612,0.00160810120121092,0.0472853317869154
456.510388349224,-8.1052704040182,1.12489553085841,-7.20535390324915,5.78932868520664e-13,2.0644010938598e-10
532.622003914049,-1.90889284124002,0.496939194228328,-3.84130063277508,0.000122384114504119,0.00682223109760556
30.9204633088544,-6.35119201833977,1.12235017784551,-5.65883281680557,1.52405928049555e-08,2.463878561843e-06
1473.32822315882,-1.06461954401783,0.259470057757526,-4.10305355931557,4.0773281351021e-05,0.00275895110105628
879.98537736408,-1.10359234692126,0.214286830290484,-5.15007079728255,2.60388150858224e-07,3.26794402739106e-05
17.0756022147135,2.73692829521359,0.772700526669579,3.5420298042374,0.000397060608227745,0.0171537818535313
205.331593127051,-5.80492634538432,0.896319996919736,-6.47639946150186,9.39371571296574e-11,2.42563015507788e-08
200.829172632719,-5.66309486662527,0.608039321548492,-9.31369841707455,1.23456891379994e-20,1.26066321129617e-17
1923.2861164433,-1.10216309613121,0.203424268202186,-5.418051178809,6.02521708325948e-08,8.40723613511952e-06
1015.41856417015,1.42029285190806,0.439888619232682,3.22875562087864,0.00124330089447229,0.0396227569302658
118.767593177242,1.83439874139508,0.538245988661437,3.40810480716641,0.000654157639942626,0.0250351812288094
1045.48601044986,-1.23725738086973,0.183006801490958,-6.76071802135102,1.37309533491827e-11,4.28424815263041e-09
2411.44223838457,1.47396615162251,0.353600411226194,4.16845146336561,3.06676046867517e-05,0.00216650232480464
541.748340995329,-4.2325413160664,1.31868666819167,-3.2096641440006,0.00132890146806089,0.0415212398887176
1002.90044315405,-1.13174347369407,0.298758064020291,-3.78816042139435,0.000151766847180004,0.00806014709668744
155.914869795498,2.26374717017518,0.654823157865453,3.45703590806774,0.000546152069201357,0.021744566514005
3161.97341219237,-3.00823108987034,0.566638001114864,-5.30891165779849,1.10281766576703e-07,1.44039528264281e-05
152.391034742979,-2.12094978759864,0.607741757216293,-3.48988655529195,0.000483225632736349,0.0198607280422314
385.4056820103,-1.11101142578145,0.30363952548928,-3.65898156371831,0.000253219553984426,0.0122247013448788
105.774278960451,-1.70246023015993,0.426163612799593,-3.99485122386674,6.47348904558541e-05,0.00403963698358545
8.78578089349624,6.16940365817013,1.69783219639106,3.63369458494421,0.00027939156097857,0.0131227380792172
294.22256155911,-6.71863690129215,1.23544771924397,-5.43822032825769,5.38154004504066e-08,7.74976263537425e-06
137.182935747608,-1.72134883610546,0.467623918614931,-3.68105387167529,0.000232271918262108,0.0114933670567362
3418.04423872367,1.20076677805382,0.307464789997263,3.90537979345377,9.40775145088689e-05,0.0055037795922962
13.1696792436966,-5.12018053751818,1.46579999179191,-3.49309630658332,0.000477454282985681,0.0196807531509602
1258.74907577832,-2.41956764781829,0.473148779933055,-5.11375649782004,3.15814419068722e-07,3.85585376324937e-05
82.7026750837,-4.79380665197376,0.599102871116249,-8.00164192677284,1.22770969268196e-15,6.72695079173176e-13
564.219693806077,-1.45321476280667,0.437921732386704,-3.31843490590554,0.000905234188531768,0.0319749780587518
1702.31672597105,-3.69231413960403,0.490862266671937,-7.52209813281848,5.39040990991822e-14,2.47133793114924e-11
2139.3552554034,-2.02493175251753,0.368332237291709,-5.49756862827579,3.85063475119571e-08,5.80567179098065e-06
116.146298339997,2.23466545156515,0.672430191016475,3.32326757694674,0.000889695289014414,0.0314755979019036
78.2946872895156,-2.0087537475384,0.629495198930965,-3.19105491344454,0.00141754334945739,0.0435042504720768
1647.61235899231,-1.11672339572066,0.24241792083331,-4.6066041317487,4.09298139207055e-06,0.000373775719401889
173.008219446945,-1.87532701600984,0.423727646441723,-4.42578394815162,9.60926637488113e-06,0.000779321910150558
3049.31957443623,-5.13747502501618,1.0719641823165,-4.79258086209015,1.64649374608785e-06,0.000169671935806713
2309.11538959248,-3.11648618141312,0.480323664087172,-6.48830447972167,8.68077135628612e-11,2.2942768061055e-08
204.451474440097,-5.20209360660375,0.732025577193356,-7.10643694520756,1.19077022382768e-12,4.1154850889675e-10
182.218896441569,-1.92633292416324,0.530186140288659,-3.63331437354144,0.000279803763184733,0.0131227380792172
42.5765717480411,22.8643616231838,5.13556469484015,4.45216115107192,8.50103260273469e-06,0.000699544679195732
36.2362404475169,16.6746159560986,2.22037483275419,7.50982028354875,5.92085890761728e-14,2.60808030116906e-11
373.277338592547,-4.62748147479352,0.819629078832507,-5.64582393951295,1.64392013865623e-08,2.61919616417816e-06
288.172005506774,2.3749168273394,0.752372402689087,3.15657089341808,0.00159636076593057,0.0471795126717904
26.8956743119863,-5.52188226323715,1.71426957821379,-3.22112830643051,0.00127686969864614,0.0401137389135535
41.9777860703098,-3.23903380332579,0.873601484322164,-3.70767891476168,0.000209167630909396,0.0105594400637743
1006.20975249992,-2.04889765113448,0.518022404641242,-3.95522979851315,7.64611212958124e-05,0.00468037899158154
33.1004423849663,3.24662002140743,0.892521724866022,3.63758094728146,0.000275210712461506,0.0129614437221126
125.801323353736,-1.35854347224838,0.367051122277704,-3.70123775625055,0.000214550322568989,0.0107346837338805
3727.89365270085,-1.85102232840643,0.25439171062595,-7.27626825517173,3.43180853537214e-13,1.30670472452771e-10
297.356008185163,1.11262614478429,0.270179449024358,4.11810057649491,3.8200797912948e-05,0.00261640525949505
1710.52418320665,-1.04774778626533,0.303108429398399,-3.45667650465832,0.000546880929464181,0.021744566514005
107.169514625848,-3.76605840915283,0.767846828870856,-4.90470008802529,9.35701966089943e-07,0.000103707910377245
3860.57255837699,1.0123507736104,0.302442959984266,3.34724529102301,0.000816189548217064,0.0294786144705729
699.089357847668,-4.12038326145167,1.29000641843271,-3.1940796592762,0.00140277403683031,0.0431689297772505
63.8452388873552,-7.2409592377171,1.82580799816918,-3.96589304295849,7.31216488347427e-05,0.00450048723581505
378.742809729144,-3.22427605342189,0.947317229323949,-3.40358641605504,0.00066507371806751,0.0253665213520995
259.688377988345,6.20979248234385,1.45264398411078,4.27482063758732,1.91291229422722e-05,0.00141826979174305
63.787674528315,-6.61465174635231,1.43875331246288,-4.5974884568844,4.27614310983364e-06,0.000385797409487601
17.7765095042849,-6.62935686791993,1.70458079881208,-3.88914205330713,0.000100599224531532,0.00580966986915392
128.248766632546,-3.55464131338936,1.09483569694735,-3.24673494233018,0.00116737052855592,0.038340612462001
322.263706915821,-3.59889085431969,0.596023074539144,-6.0381737017521,1.55868230360535e-09,3.21245852756828e-07
3483.71082463615,1.02013194763807,0.318955903941912,3.19834790649887,0.00138217420514066,0.0426518454924243
214.832908187604,-3.2969828300016,0.830530456191849,-3.96973139927816,7.19536985732362e-05,0.00444076878694437
40.4503044125378,6.41621114588536,1.74022530263708,3.68700026149629,0.000226913123897557,0.01127788346982
38.7038493048143,-6.21914490167792,1.8181162992241,-3.42065296061204,0.000624709940610406,0.0241135890306061
598.789656039931,-2.74877599917987,0.412868986794386,-6.65774395050117,2.78062638889483e-11,8.0085604905798e-09
132.669181664403,-1.57763880114693,0.406543768418212,-3.88061243020705,0.000104193765256511,0.00593083436203777
1756.91789620637,-1.01144079312381,0.190869902254876,-5.29911097126879,1.16367895397121e-07,1.5077541178824e-05
25.739471032752,-7.8544199272614,1.36446387888184,-5.75641469798233,8.59191666181742e-09,1.49625897525371e-06
5425.4491585099,-3.14570019837959,0.57982265274489,-5.42527992565968,5.78637843123561e-08,8.19249517268207e-06
3418.33710448973,-2.79920812738863,0.280914234940828,-9.96463610318024,2.17669509044643e-23,2.87643854158112e-20
42.588085491413,2.56829859352028,0.810387851751132,3.16922148816836,0.00152847868891025,0.0457220689032874
63.6100045511801,-4.15392794570707,0.89768729983375,-4.62736628498184,3.70345187482116e-06,0.000342378791637273
1094.7314398145,-1.80455836710409,0.381632113342187,-4.7285286117577,2.26152760543689e-06,0.000218048144446951
28.4882952500559,-18.1963246442435,2.48896966557831,-7.31078602358765,2.65584172418522e-13,1.02868076437622e-10
620.02486063906,-6.1869197609102,0.654032893819435,-9.45964617280898,3.08986974726848e-21,3.30542494630412e-18
62.0242727899986,-3.33837413558691,1.01921777112508,-3.2754277154153,0.00105502109528007,0.0360746558682905
66.5540757462675,-7.51118758752443,1.32418155112966,-5.67232460014011,1.40872726565502e-08,2.3100042352511e-06
123.266117554789,-3.3392700760472,0.51457939918324,-6.48931939628251,8.62249988361144e-11,2.2942768061055e-08
341.230695358954,-5.3465945203488,0.795280862642865,-6.72290101710869,1.78141606170598e-11,5.33593491016331e-09
56.1828785163038,-2.75919000339167,0.50297006243077,-5.48579370719793,4.11617030589315e-08,6.12382555774104e-06
25.372028350672,-4.98040972975342,1.43295880382323,-3.47561263901332,0.000509687900576855,0.0207430048667736
337.570069646999,-4.52121370431604,0.794016164937614,-5.69410788339715,1.24018651769597e-08,2.07916344179404e-06
495.478046063456,-1.25771602189573,0.358991411696823,-3.50347106063335,0.000459236552540496,0.0191761136669559
329.44181256554,1.19869646787461,0.358493134374901,3.34370829713309,0.000826666093039826,0.0297136860482235
371.633932138695,-2.06707010593729,0.556984218964089,-3.71118253544371,0.000206293273283356,0.0104613507546515
983.95592494846,1.48361984363967,0.348032580387118,4.26287631459513,2.01812235572544e-05,0.00147677911144534
5167.62462620713,-1.4169118996286,0.332268678432196,-4.26435590111674,2.00479675311422e-05,0.00147182219146114
34.9066642921814,2.04354611497104,0.602469730845949,3.39194819315093,0.000693975604510671,0.0260705049420271
423.889878456579,-2.39202349510821,0.545823684160214,-4.38241059251303,1.17373338893686e-05,0.000918742877437859
548.684649554644,-2.66062843205031,0.824153519577004,-3.22831653187124,0.00124521105687815,0.0396227569302658
1072.81749874555,-1.08248485939324,0.3003427969488,-3.60416454261684,0.000313158626227495,0.0142752397899067
450.509261383836,-4.49505524864932,0.967863452048555,-4.64430725133303,3.41219439474705e-06,0.000318070319825695
3014.20231058534,-2.74137820591735,0.241095520573763,-11.3705065917168,5.86462185014421e-30,1.64685912329362e-26
49.4900341889831,-3.19123761595439,0.822397404231762,-3.88040818165698,0.000104281307500775,0.00593083436203777
810.231411596669,-1.02868182009821,0.288390090144153,-3.56698047281728,0.000361118378689091,0.0159695361756898
193.421166025765,1.32877739962884,0.38127643642215,3.48507610933927,0.000491997076875065,0.0201324486921645
156.152907650626,1.95231525274365,0.582436697977723,3.3519784373517,0.000802362678046515,0.0292614895492126
4554.02293224714,-1.0040266678693,0.219968030094287,-4.56442087261017,5.00875068320428e-06,0.000442998362591276
190.477402203311,-5.33923080858706,0.4684408829066,-11.3978753849536,4.28447521375761e-30,1.37501050967235e-26
162.807456309142,-7.49433783205639,1.00348068307086,-7.46834289736612,8.12109959945789e-14,3.50847120195811e-11
557.385043707918,-1.21738571864677,0.293375080930597,-4.14958801131021,3.3307420768145e-05,0.00232659053230001
24.5234946988911,-7.88064131256751,1.3623753882788,-5.78448596500541,7.27343950680851e-09,1.30718254816363e-06
3914.27376624346,-1.05796861191246,0.315776225509706,-3.35037449448499,0.000807023715531635,0.0292888332300778
29.5745611380932,2.25481061777471,0.472204084601931,4.77507647922088,1.79638971476227e-06,0.000180229071442225
135.868170508615,2.34898439833635,0.587429577561506,3.99875063848042,6.36777252256932e-05,0.00398473564678328
3672.73330033363,-1.7990926774847,0.386768871639382,-4.65159636518564,3.29375293916119e-06,0.000308308999076067
1972.45566518169,-4.44267486444778,1.02661991891127,-4.32747775745403,1.50826570897268e-05,0.00115642283795465
17.5885050390037,-3.13898798196139,0.966667661349909,-3.24722560551776,0.00116535974150405,0.0383306099456638
1149.42454259845,-1.7852278047462,0.411137626325305,-4.34216595718163,1.41084895619125e-05,0.00108916569762324
2909.12458943536,1.40100367346837,0.431732998644207,3.24506970249672,0.00117421877921889,0.0383413152255123
73.3139306981439,2.51689922016137,0.742658329543962,3.38904058573866,0.000701376285850383,0.0262606971027147
124.772421182801,-2.86514803036473,0.773398401592537,-3.70462109110258,0.000211706956185289,0.0106398138047036
519.389149078746,-2.09897659223469,0.347342029594937,-6.0429674885083,1.51305152030682e-09,3.14728725960119e-07
3040.34940056069,-2.66864035762574,0.264308416870148,-10.0966907873267,5.71378118208226e-24,8.02250589096737e-21
746.647388865051,-1.69966823457838,0.446027946494173,-3.81067654602801,0.000138586998978851,0.00744822232550211
255.721352231565,-1.04184943389566,0.298177598493741,-3.49405669359003,0.00047573997921734,0.0196807531509602
52.4176293648564,-6.55186779997755,0.991547759819153,-6.60771781802273,3.90289700836536e-11,1.0959822661616e-08
950.3336879588,-1.23204078254339,0.322213095553676,-3.82368314492716,0.000131472851300584,0.00718622288191635
102.105826329544,-3.02940623971901,0.793604922977688,-3.81727248912766,0.000134935117711726,0.00733964755912883
1051.63410393166,-2.0373563367555,0.369733595034607,-5.51033599358156,3.58149382020284e-08,5.51083963499019e-06
36.3087015705776,3.67197177167946,0.902244357892629,4.06981959993198,4.70495555508883e-05,0.00315512915059912
194.391120920182,2.47372806748474,0.774626844535095,3.19344479853314,0.00140586213643499,0.0432047782421506
2729.2573891129,-1.37029933652983,0.38432723378963,-3.56544948172967,0.00036323312685319,0.0160314974356718
20.3408878573676,-3.83637105001254,0.852871311308628,-4.49818278460568,6.85367618881427e-06,0.000574506849185494
1701.86048986777,-1.32718651801118,0.275368285896145,-4.81967817641762,1.43789983927466e-06,0.000150351586192136
90.6719319185348,1.62690884875789,0.437457434382083,3.71901063027064,0.000200004635576655,0.0101884447578901
688.781102855178,-3.741335626513,0.763460799884036,-4.90049473015678,9.55956221131709e-07,0.000104758812232799
1693.70513132946,-1.29412625108175,0.272144482425633,-4.75529115838453,1.9816061586991e-06,0.000196109173370816
41.6751559459653,-2.94533344825682,0.804827981030548,-3.65958132380716,0.000252627662394466,0.0122247013448788
40.6323812534315,-4.94554548711482,1.27378656563488,-3.88255428384883,0.000103364931384843,0.00590863405486134
17.0871295661329,-5.4879205049221,1.69806161737052,-3.23187359562385,0.0012298144484202,0.0395176467435888
895.396613489001,-1.52540718742354,0.347182128432389,-4.39368003851789,1.11447810040687e-05,0.000881575722733818
800.131347067548,-8.53622023396001,2.00375319313815,-4.26011559866369,2.0432120132196e-05,0.00149028434665514
475.756083914086,1.57224708395176,0.357839273987772,4.39372421710615,1.11425152786586e-05,0.000881575722733818
12.9670688196513,-6.92142668140891,2.17634323565826,-3.1803010517849,0.00147122121977928,0.044784532116994
113.176573912063,-1.40445824031325,0.374773161059694,-3.74748884456417,0.000178613777766323,0.00928885928122631
16.6002077354186,5.45401528851752,1.5202175571164,3.58765445313162,0.000333666082552437,0.0150518243866275
353.91970264902,1.06360968100091,0.313260674562739,3.39528631382007,0.000685568662853986,0.0257978224640114
73.1928289431811,-2.29745039298473,0.515552988942245,-4.45628372303375,8.33926495722432e-06,0.000691297369978023
2181.18712736921,-3.09235217403427,0.490167683023128,-6.30876388047876,2.81272844141915e-10,6.79440262757863e-08
3382.64181843312,1.0697431503319,0.247885711085769,4.31546919605125,1.5926426076646e-05,0.00119661258131055
39.3448905364894,3.51517057422864,0.96263012626248,3.65163158551529,0.000260579525192628,0.0124551468796859
486.235068191834,-10.2930623671353,2.15652870308435,-4.77297721677144,1.81522332594529e-06,0.000181239964521604
605.300969069826,-2.84885588216565,0.405185332243341,-7.03099459793554,2.05066443893319e-12,6.77473185597559e-10
390.671723437388,-2.7744830315788,0.498213915872947,-5.56885896436167,2.56412923473318e-08,3.97263194884696e-06
4848.17691703422,-2.28993619052081,0.450131952178805,-5.08725536909049,3.63282524713547e-07,4.3877107084354e-05
1038.25894094024,1.53136719685896,0.370788326571218,4.13003076720331,3.62714689674375e-05,0.00249950475568553
215.053814574189,1.13808891974368,0.362922593894519,3.13589988303251,0.00171327680298102,0.0494714182248954
543.069560231185,-1.67895859127039,0.351289933007615,-4.77940992187214,1.75810417484884e-06,0.000178714073701263
385.521628179763,2.36037558975089,0.644078823998754,3.6647309332366,0.000247598744864826,0.0120848404668293
5218.76408211638,-4.7820855123542,0.377310546050036,-12.6741368944403,8.22591323142936e-37,4.61987851860151e-33
5150.85537249039,-2.94189740654429,0.928034562798478,-3.1700300015476,0.00152423198793819,0.0457080374957424
203.226841366902,1.70038938138597,0.476335803428102,3.56972826553994,0.000357351717026154,0.0158341347593541
48.7079561622808,3.27596616383392,0.975565092640206,3.35801904818884,0.000785032032105031,0.0286760074816903
192.735384356285,2.34003584917,0.737660428780015,3.17223990588744,0.00151267989587895,0.0456138977998936
703.453009533307,-4.6308899219029,0.640448540824072,-7.23069790422862,4.80518183984216e-13,1.74110338761378e-10
40.1440643442932,2.10857334003163,0.578918578118853,3.6422623486765,0.000270252437856945,0.0128355624026559
1480.79309786402,1.01452018215749,0.292302203437798,3.4707921124973,0.000518925577365599,0.0210427131688054
1184.09592516746,1.7315036782083,0.303425290168914,5.70652392634901,1.15306704829801e-08,1.97737795725304e-06
10.9633153395641,4.54830207532306,1.4087715128253,3.22855909131881,0.00124415551934871,0.0396227569302658
257.208855570027,-2.57682339135177,0.529044845514118,-4.87070881268609,1.1119861434817e-06,0.000119525209154624
60.910359510815,-1.74480876595575,0.528014822247231,-3.30446929222525,0.000951563996379859,0.0331846210709273
351.274244615864,-6.24812427422494,1.01318516983318,-6.16681378711228,6.96797322496305e-10,1.58116685352318e-07
389.148251100369,-3.5800801284116,0.476649905829755,-7.51092171555007,5.87124964180406e-14,2.60808030116906e-11
3372.03924808679,-3.96319520415023,0.537805758467549,-7.36919443823577,1.71662139607552e-13,6.76559643207659e-11
565.215895277253,-4.3099468708038,0.640468506543459,-6.7293658107627,1.70404154744992e-11,5.17314775181924e-09
107.395233830197,-8.28157919925432,1.35929922629913,-6.0925358000843,1.11135979631471e-09,2.42395124506893e-07
2678.7728248164,-1.25824190185864,0.393025624443333,-3.201424598309,0.00136749860165242,0.0423152287687627
147.441890045422,-1.03212188590585,0.305166678324953,-3.38215788031354,0.000719187981465415,0.0267936285300506
250.490066303812,-4.0117038058782,0.905906928964998,-4.42838406199363,9.49417305460139e-06,0.000772777527795725
211.330560040564,-2.89739785185032,0.892147945059634,-3.24766521953558,0.00116356087817735,0.0383306099456638
700.581344692415,-1.32749172069649,0.331684140482964,-4.00227674064708,6.27358572167177e-05,0.00395887930442012
340.120842070622,-5.18526131508768,0.86893027225572,-5.96740783541455,2.41052364085279e-09,4.62841141809897e-07
18.9994764747786,6.78195353446506,1.63541923256024,4.14692049563826,3.36977009570769e-05,0.00234371161610134
841.061115748764,1.15176724441679,0.356874228621007,3.22737578689086,0.00124931269187551,0.0396970433139793
95.2532321236031,-1.57240843806339,0.486939902351093,-3.22916325088852,0.00124153001001038,0.0396227569302658
1684.04318673688,-2.07446926512403,0.384889928470638,-5.38977279391784,7.05468175575284e-08,9.66362351481631e-06
1612.0946238072,-2.10111665411492,0.298573890606388,-7.03717478392924,1.96176715766995e-12,6.57777599956051e-10
527.83886361674,-1.68394343202764,0.33673716338545,-5.00076503317247,5.71032709648146e-07,6.63634872024941e-05
114.68889421909,1.27939584041807,0.324187429945916,3.94646961059381,7.93119830028609e-05,0.00479662184694963
46.8606338121828,-2.57081995681157,0.543622558732191,-4.7290531187799,2.2556936719899e-06,0.000218048144446951
496.103900382479,-2.23119092226346,0.358742446596262,-6.21947846827978,4.98810064767776e-10,1.14344572500082e-07
26.5510469585337,-3.28888901605155,1.00640853040955,-3.26794628292068,0.00108330924362854,0.0365962791140309
90.5456796740541,-2.26714863354548,0.703625522424762,-3.22209550576374,0.00127256708791138,0.0400956797053706
29.1862098700552,-4.23799556988268,0.938469370177867,-4.5158592326561,6.30605456710235e-06,0.000538652151520738
63.5411474911525,-3.54243397099581,1.11759356077453,-3.16969790747612,0.00152597498872944,0.0457080374957424
121.881952144393,1.34577562845188,0.363153039434542,3.70580852234464,0.000210717452069035,0.0106138286115042
58.609931552561,1.80821865437611,0.438657116728463,4.12216874050041,3.75322104564243e-05,0.00257847433609655
16.1003162549264,4.47262736558857,1.33169996067021,3.35858488975071,0.000783426545582287,0.0286639696197168
548.229087316579,-4.94186918433952,0.976762474387199,-5.05943800455679,4.20493961436167e-07,4.99809356807592e-05
325.763633120613,-1.69359492690047,0.519286593970103,-3.26138773187349,0.00110868325822903,0.0370633473156475
93.0846246003133,7.02146657860832,2.01988521675129,3.47617108159313,0.000508627710212648,0.0207374256078532
1226.41656149194,1.158177520591,0.251752240542889,4.60046559305074,4.21547648982126e-06,0.000381857577999333
79.1535845415036,-3.45651673603664,0.899246863555455,-3.84379070544679,0.000121148336458124,0.00677014273266608
1569.06688464161,1.60483542326895,0.415205282734531,3.86516137920872,0.000111015772282241,0.00625054968501389
994.150380621805,-3.04201061719833,0.54332204111203,-5.59890891039903,2.15705093639937e-08,3.38868176826656e-06
49.2393416373196,-3.95695635025435,0.90148536035304,-4.38937394247282,1.13677450171694e-05,0.000896057515125303
48.9177723509523,-5.85210934094971,0.898384814094435,-6.51403413007219,7.3158862918587e-11,2.00428518959275e-08
164.688326130303,-1.68887696994787,0.453947084124373,-3.72042695946726,0.000198886257494815,0.010154499487775
304.030592976687,-6.62428824683458,2.04449104235385,-3.24006714121278,0.00119501557446219,0.0387948336420422
527.036119189732,-2.5241318883485,0.645660108411681,-3.90938181786985,9.25326110772705e-05,0.00545602390512042
49.966762420439,4.57762113434082,1.40382753833876,3.26081445856079,0.00111092708141671,0.0370831751620004
1033.73138014753,-1.63806213462108,0.51905858223689,-3.1558328687329,0.00160040535908863,0.0471825543201131
172.22037511834,1.64282425576725,0.463938311483245,3.54104029588551,0.000398552704564213,0.0171851948330807
794.881604057362,-2.22609907197636,0.488225413479627,-4.55957230106223,5.12579074885562e-06,0.000449808160832193
56.5628470882753,-3.3982072483741,1.00561190442892,-3.37924325816718,0.000726856624152935,0.0269898083662739
236.26874335225,-4.09103759178268,1.12400154829983,-3.63970814628397,0.000272947228375584,0.0129089673378052
702.701736908086,-4.22814085420815,0.476322043454198,-8.87664325494254,6.890836724223e-19,5.16008823365566e-16
57.1461219808828,6.78659745425559,2.00613234723397,3.38292608840731,0.000717179308238508,0.0267721518073391
393.704198202403,-1.03865315376285,0.31731029088481,-3.27330434467345,0.00106297954404325,0.0362915432476166
33.9648970120823,3.0605338923027,0.872102025765008,3.50937596964988,0.000449159493644446,0.0188958202710159
2341.98074511319,-1.07344594554068,0.309763984867758,-3.46536717623564,0.000529508010652902,0.0213830635061764
39.4167166478248,2.44214199492244,0.674510037457797,3.62061623890251,0.000293902173166114,0.013613427464282
131.64338200386,-5.50432128639947,1.68356238127646,-3.26944896584477,0.00107757173611933,0.036538183616433
136.689920575744,5.60412331480093,1.17911142165829,4.75283608644834,2.005829585874e-06,0.000197635796695874
438.909924908347,-1.27606862937834,0.239814751438186,-5.32105978354401,1.03164490726695e-07,1.37093929609523e-05
999.423794552216,-1.08889757276231,0.32736512150498,-3.32624797582703,0.00088023580672144,0.0312887617056917
748.097813102819,-1.62347415588123,0.472191550798464,-3.43816858462625,0.000585662956632208,0.0228418720846225
1027.49899910742,-1.09411188557555,0.252544668343585,-4.33234996704431,1.47526192606226e-05,0.00113499175236262
199.804204802647,2.29814315984382,0.676308292473486,3.39807035551603,0.000678629652290938,0.0256656820517103
26.0604660616493,4.65136413117205,1.4787752631872,3.14541651254496,0.00165850523867704,0.0484503513483482
58.2466040155353,-3.89320077376928,1.20331752582844,-3.23538940487794,0.00121476935101168,0.0392094733771228
59.7973482222153,-1.94678838911783,0.615302120709859,-3.16395527269087,0.00155640712406641,0.0463108424399363
581.49317211459,-3.37758525707895,0.92980931600434,-3.632556911339,0.000280626656995439,0.0131339121862553
1259.14339262197,1.16926917771113,0.304715221100232,3.83725228260427,0.000124418636465179,0.00689411716424782
1000.80065105993,-1.43718841097081,0.236735199949249,-6.07086910302697,1.27219854693135e-09,2.72189908160122e-07
34.3849256153758,-7.79898329384576,1.56437374718721,-4.98537086030021,6.18430745038282e-07,7.08828912616581e-05
1926.12965701795,1.22098453377153,0.224634343590286,5.43543126245425,5.46640557349761e-08,7.82183447188686e-06
650.622619356809,1.86416203822771,0.587564656156826,3.17269260275272,0.00151032343612785,0.0456040537535109
27.8386775304946,7.32290249648066,1.59347094674382,4.59556699884904,4.31574088826326e-06,0.000387812476219337
263.876591463532,1.91494610718084,0.53400918909658,3.58597969151145,0.000335815093682194,0.0151184089770951
2269.2980397639,-3.03869145938381,0.38070172688397,-7.98181685240934,1.44194876619888e-15,7.71270929348997e-13
394.51659950318,-1.48154428322387,0.453474303286563,-3.26709644292159,0.00108656657774576,0.0365962791140309
1296.62297075922,-4.95580957474669,0.441879201306869,-11.2153040018398,3.43005772746265e-29,8.56180520527205e-26
503.732503263525,-1.51972785657262,0.226174697089928,-6.71926557712319,1.82642759701809e-11,5.39877578513309e-09
1168.29741345429,-2.76108984093716,0.286625860096624,-9.63308000194531,5.79654583287971e-22,6.51097010678213e-19
266.348689812219,-1.66175566899799,0.384230868185146,-4.32488851519669,1.52609021163426e-05,0.00116215649506318
258.545614817424,1.15586943121774,0.303675139437503,3.80626953315559,0.000141078632467105,0.00756403694122557
238.010061571349,1.49324258187875,0.406664921856099,3.67192374268057,0.000240731521281735,0.0118079336803366
1455.40628990216,-2.99091309912698,0.603633797146532,-4.95484698382609,7.23872318552831e-07,8.17175459110018e-05
16.2900485856748,-3.20924998178029,1.00236183124311,-3.20168813471302,0.00136624825778899,0.0423152287687627
149.316320778695,-6.1891678417578,0.701646179341632,-8.82092431197333,1.13518732417951e-18,7.72787370839175e-16
1001.94074382617,-5.97816983352002,0.768641845272798,-7.77757530413701,7.39277648753364e-15,3.53358986792433e-12
495.021590032018,1.36741496095351,0.24840261077875,5.50483328925818,3.6951777185077e-08,5.64708622083506e-06
3306.9990497938,-2.25941333577006,0.377082433354246,-5.99182867170978,2.07494462551417e-09,4.19942621731314e-07
50.4888282530296,2.99047837838723,0.922659946007077,3.24114901847521,0.00119048933359524,0.0387038247166671
32.8537718093296,3.10056058224779,0.81237131187986,3.81667906892596,0.000135259919407048,0.00733964755912883
342.066786960678,-2.811908073249,0.553730807549241,-5.07811383241295,3.81200291825245e-07,4.57949976248884e-05
160.70359061933,-2.60586575590735,0.521531889335209,-4.99656072657229,5.83618028438205e-07,6.72357897890475e-05
54.6843756583512,2.69280918223488,0.58705167604427,4.58700535595066,4.49649150098159e-06,0.000400847942736315
154.555337969484,1.05268390134964,0.311784618989795,3.37631761553989,0.000734630597913542,0.0272334593764484
13.3057623227084,2.72889234621951,0.820993460868155,3.32389047695198,0.000887710513064349,0.0314549158927296
71.1194479410128,-3.62979627085915,0.892346953068264,-4.06769615605049,4.74802358441519e-05,0.00317453422094902
1775.92355156845,-3.17929908061223,0.836551195774831,-3.80048357670148,0.000144413989668464,0.00768782056374894
1860.3110096605,-2.23334205881294,0.382657333998684,-5.83640207669616,5.33400871976097e-09,9.90318230491159e-07
258.649028557267,-17.5196836896772,3.23154503773929,-5.42145737876936,5.91150926331448e-08,8.30012847502249e-06
1581.15565837566,-4.77550655594435,1.18570641177377,-4.02756239531535,5.63581138787941e-05,0.00363817536864112
418.439591575332,-4.83609933227211,0.727667770595471,-6.64602656280159,3.01110940949238e-11,8.56260416256281e-09
21.5078757426539,-3.62171975958013,0.84608756728135,-4.28054955495617,1.86432366927984e-05,0.00138682222617124
41.7754650920808,4.49807767322696,1.22753205308739,3.66432604502161,0.000247990716902216,0.0120848404668293
38.4089215364949,-3.5832989278097,0.777009734221345,-4.61165255722386,3.99480310684927e-06,0.000366298986919873
287.673648672483,-1.06042477931828,0.310816733149693,-3.41173645502402,0.000645504892344526,0.0248309373399311
2802.05987338235,-2.10806249016147,0.25109485995812,-8.39548245038978,4.63985102591837e-17,2.89539592492379e-14
1413.40170124484,-2.68359580901022,0.788956105007319,-3.4014513506874,0.000670290578769294,0.0255221658509359
5534.42935275059,-2.47953627430328,0.287893741733279,-8.61267862015723,7.13729692322944e-18,4.58112501086712e-15
524.521448407065,-1.52085682045037,0.27251089913758,-5.58090272816043,2.39273438597088e-08,3.73283180422471e-06
115.01858681214,1.40715973979552,0.360947453437916,3.89851687937607,9.67836553524197e-05,0.00561820366277031
123.203065442483,-2.40007683004738,0.526230255769154,-4.56088718528615,5.09379440648941e-06,0.000448753299379547
1067.59725442319,-4.95747797240837,0.700636693207631,-7.07567562542608,1.48722374586702e-12,5.06219415922765e-10
33.4563842845972,3.87661863728955,1.22970837348576,3.15246990333227,0.00161895509968019,0.0474801910108557
815.708362814935,-2.47931806535089,0.336362615495563,-7.37096797067688,1.69393542654247e-13,6.76559643207659e-11
300.478714212968,-1.31455006838043,0.3926859122543,-3.34758652489966,0.00081518535930411,0.0294786144705729
105.245455767935,6.20755338757198,1.73202724462411,3.58398137606616,0.000338396224831536,0.0152041423816809
267.610433249405,-2.92600811019504,0.92265074407577,-3.17130629220492,0.0015175504095932,0.0456382462536965
689.63533180646,-5.50011230576445,1.61937620006946,-3.3964388914253,0.000682687989900106,0.0257381431907531
23.8206457983227,6.21159525058163,1.87340575332256,3.3156699981118,0.000914237171061362,0.0321917524261654
31.6189169286957,6.06307835667722,1.70889109958636,3.54796063841915,0.000388226234711257,0.016902136361993
3646.31136455989,1.08514824449619,0.307094192525226,3.53360067011705,0.000409939938800347,0.0176086055930206
208.311017776252,-3.78082674129309,0.521278967535954,-7.25298156410333,4.07695594959008e-13,1.52648025679235e-10
811.50992257348,1.20967262296286,0.299198328317959,4.04304606166561,5.27612505441631e-05,0.00344558573684484
209.286095365106,1.31614853158964,0.397629313742389,3.30998869072899,0.00093299740827119,0.0327496668387692
811.683552711107,-1.36681902791392,0.36523219136358,-3.74232901763384,0.000182322583654173,0.00945929986556814
272.312268281564,1.44236107127339,0.438306291028671,3.29076059549197,0.000999169078073784,0.0343741705037175
1175.20433772128,-1.19786902202102,0.272976584330802,-4.38817499661218,1.14305787670808e-05,0.000897859972036611
2045.23109351236,-2.55779276149885,0.288351290890653,-8.87040510066177,7.28802886441547e-19,5.28146994964818e-16
1690.80828567547,-5.18248093114224,0.752803916901442,-6.88423746846781,5.8097890029232e-12,1.89154941957492e-09
200.143359000127,-1.30859586359171,0.3644370649086,-3.59073208955819,0.000329750452087841,0.0149351691656317
349.663637881569,-4.07534537888824,0.697977807578608,-5.83878933490198,5.25815050217892e-09,9.84369591928745e-07
63.5228942431727,2.28135860741218,0.702090826516835,3.24937817337722,0.00115657606838723,0.0382095314357634
2620.26426093277,-3.24151968245239,0.735624847597547,-4.40648476331212,1.05061694990233e-05,0.000842932492126991
224.084291292071,1.5850599391865,0.459043102167241,3.45296537885679,0.000554460159477829,0.021968161345096
34.2744951540822,3.31423438839917,0.941988407932131,3.51833882507603,0.000434257516999663,0.0184067832441461
64.6015756167716,1.11012219215169,0.349314598294441,3.178001141584,0.00148294166960943,0.0450802227439458
187.61015617858,-2.60003807139177,0.429337869032361,-6.0559253187978,1.39612767060204e-09,2.93121571215653e-07
540.086778259964,-1.07853186178598,0.343456067961517,-3.14023236854508,0.00168813875033643,0.0490608499693504
492.780605711314,-1.74037416286329,0.305281667495672,-5.7008800336429,1.19190496976212e-08,2.01324399591775e-06
49.7945414916279,-1.87962552382688,0.481940146213067,-3.90012232555513,9.61440983449481e-05,0.00560094706151476
94.1117236102907,1.68191152770108,0.472925794495198,3.55639626190479,0.00037597684480721,0.0165290016019452
311.179833872442,-1.66529666942892,0.368666068894408,-4.51708689769844,6.26961810516051e-06,0.000537583857757369
49.5489296888157,-3.28010500600123,1.00019687677681,-3.27945935661343,0.00104006190274339,0.035671741442947
380.053244986844,-1.88552670478194,0.464370926113856,-4.06038922496978,4.89909769214386e-05,0.00323700675452976
92.0171781692127,1.53951538752272,0.444805802716688,3.46109555702737,0.000537981814433329,0.0216035808261435
101.228138414453,-5.44971096288537,0.559048326982119,-9.74819295552543,1.87780958527709e-22,2.22026275438157e-19
60.4421758801756,-1.72175858481578,0.434644850956758,-3.96129985441165,7.45428507157673e-05,0.00457542388341451
112.751569734272,2.00452313698893,0.619170811876884,3.23743157548504,0.00120610859162709,0.0389859417423058
55.5432801972986,1.68175069588237,0.516894508399429,3.25356657606972,0.00113966016744928,0.0379295787581454
129.984860063072,3.42150288241564,1.07579501400236,3.18044129028482,0.00147050932644764,0.044784532116994
1153.10801250825,-1.76177262111279,0.503123770699097,-3.50166842378523,0.00046235463607409,0.0192348090729712
1130.1796718109,-1.19463104403707,0.34052781088869,-3.50817468012199,0.00045119268784174,0.0189105293514266
103.438961919029,-3.71017864445299,1.17769811956332,-3.15036475207135,0.00163066737320696,0.0477613331670071
354.144371721929,-7.05921423650649,1.52332898682184,-4.63407070801842,3.58544438921489e-06,0.000332838876874845
28.3754164125447,-4.30389035262416,0.877971181420321,-4.90208613187237,9.48242405954012e-07,0.000104422870832142
998.484726935215,-4.06872959361895,0.643794580515905,-6.31991898775921,2.61700460270308e-10,6.39032699997008e-08
179.239385792732,1.91182735666457,0.458742120358003,4.16754266029154,3.07900902493354e-05,0.00216833660643047
2725.32521157063,-5.58908076956324,0.380056119993837,-14.7059354540952,5.90492373832534e-49,1.32654111781479e-44
8919.1329861058,-1.83190016007683,0.202685989686034,-9.03811932395769,1.59390326828292e-19,1.32618655266577e-16
33.2325297425692,-2.29066165024007,0.653966150761403,-3.50272204084735,0.000460529767828533,0.0191944364272133
38.8673104325867,2.9342683898883,0.592604904901846,4.95147503103152,7.36530710782064e-07,8.23192160085526e-05
166.008414763077,2.21095935454097,0.5852430107616,3.77784837048078,0.000158189138624806,0.00832252693022543
357.663797046613,-1.3834923318883,0.268005438983802,-5.16218005550221,2.44090334761945e-07,3.08061200585792e-05
7023.7163290102,2.30601387742021,0.523635910705169,4.40384975567232,1.0634660814648e-05,0.000850205178651484
1111.30070517089,-2.40002873077429,0.395283135885292,-6.07166993198203,1.26586911321724e-09,2.72189908160122e-07
787.339224956448,-1.03646103516468,0.252781467571394,-4.10022556290425,4.12747642026266e-05,0.00278449723066669
63.0866915219232,5.45297908166255,1.71942513165874,3.17139663789957,0.00151707845997636,0.0456382462536965
693.988025387643,-1.78789689577086,0.401430928216128,-4.45380953509457,8.43599422437239e-06,0.000696744890626933
194.559960302866,1.85232798960586,0.57514175819927,3.22064597675081,0.00127902036905547,0.0401137389135535
54.3664815425031,-4.32562737664226,1.06370458708191,-4.0665683209178,4.7710502426127e-05,0.00318046420475651
440.642457367863,-1.69476638829753,0.310762055444225,-5.45358211727269,4.93651334301532e-08,7.15475950005413e-06
1443.98240453998,-1.05159771757171,0.228344537463423,-4.60531147034846,4.11848959730493e-06,0.000374582464791317
6360.83529071407,-3.81950221747968,0.422837699313744,-9.03302194595858,1.66995171987277e-19,1.33983804953363e-16
1040.91005175204,-1.03218172801857,0.228975161692226,-4.50783272906237,6.54931755257352e-06,0.000553836311828215
74.1003899500447,-3.42414923679718,1.06597947180511,-3.21220935990334,0.00131718348697156,0.0412124331961227
20.4215019174884,-3.32460243355567,0.887158109832282,-3.74747454451404,0.000178623957689284,0.00928885928122631
60.14436506842,-5.60506804990329,1.493259236856,-3.75358002921485,0.00017432684102396,0.00915012262524127
768.628089212517,-4.44564965354477,0.356961215563834,-12.4541531676563,1.32753087738821e-35,5.96459623210523e-32
95.807722512289,3.51750985762575,0.814318732978752,4.31957379238816,1.56330829319435e-05,0.00117851412102722
502.358107256626,-1.27575789407981,0.390006862779458,-3.27111652597054,0.00107123760919738,0.0365095319626019
508.332760520737,-4.04213085570228,0.558866033540572,-7.23273667231887,4.73356702097949e-13,1.74110338761378e-10
144.135937616413,-2.99347316425323,0.790761328458955,-3.78555836827143,0.000153363830536972,0.00812575106842705
29.4320804330955,-3.44994154253164,0.882265261185853,-3.91032231949671,9.21730420269521e-05,0.00544912470825126
342.979866003456,-1.12601169685305,0.326654232362005,-3.44710579352047,0.000566626651168948,0.0223001001365633
185.893240124727,-5.55548101637547,1.01475663527278,-5.47469296900147,4.3827082311566e-08,6.43513336032242e-06
33.8737487925381,-8.05046521138005,1.81040332010559,-4.44677996442832,8.71670415931748e-06,0.000714674302697325
187.902516917499,-5.38793106135332,0.654327036944263,-8.23430907962354,1.80596874792813e-16,1.04028430569758e-13
83.0200793741781,2.60701367294384,0.735962991040436,3.54231626410763,0.00039662962571261,0.0171537818535313
96.3950940880066,3.38789373641409,0.883309564793263,3.83545460328737,0.000125332255567486,0.00691790938900142
966.440323942251,-1.16432307718807,0.311783181180227,-3.73439988898898,0.000188163318814341,0.00967297244202327
623.163077988201,1.60047642472169,0.407181281658994,3.93062377081974,8.4725763902078e-05,0.00510285331383427
90.3528099128104,-3.6425054520242,0.713985832000464,-5.10164948486238,3.36705918953088e-07,4.08870187528709e-05
57.4515093843547,-3.04722136072197,0.715768165388058,-4.2572742237983,2.06934469603167e-05,0.00150446047237383
1424.46321794457,-1.68359264753594,0.361122771605679,-4.66210602020497,3.12989869948085e-06,0.000295433505394274
208.79635396098,-1.42823579322392,0.411982071375853,-3.46674259016708,0.00052680612128375,0.0213237829092602
194.847760994686,1.57999076520067,0.399773069584662,3.95221910981191,7.74297923246471e-05,0.0047267942515576
5477.49117434225,1.42887619105096,0.369627447878367,3.86571992759898,0.000110761986726147,0.00625054968501389
144.993837459387,-4.96407723594786,1.51939419904819,-3.26714241706172,0.00108639013290518,0.0365962791140309
123.604455451222,-2.41004613829667,0.444255526678742,-5.42490975028311,5.79838296219207e-08,8.19249517268207e-06
721.450998987794,1.37507310673772,0.422246366185942,3.25656587446437,0.00112768760163458,0.0375867981761438
8204.72411794255,2.01776226872696,0.558293336424324,3.61416147584714,0.000301321231577322,0.0138997566065391
15.2535317042447,29.2897786904468,5.13556883850163,5.70331731722878,1.17497954908402e-08,1.99969057349792e-06
355.880529116206,1.42580839245706,0.435980988021496,3.27034533989075,0.00107416261996794,0.0365095319626019
1608.88538194104,-1.0873987838833,0.335199439417811,-3.24403521011831,0.00117849177376823,0.0384249894016014
648.860156890636,-1.8623015282682,0.553267203970928,-3.36600744613457,0.000762646496537465,0.0280406768325927
33.435653103624,-2.74306691928974,0.640265465012886,-4.28426499504316,1.83344285220997e-05,0.00136838184966435
33.4073934588749,-6.34470369831329,0.935937025916461,-6.77898568239739,1.2102251902726e-11,3.88395841421056e-09
55.3311993684126,-2.98514364869724,0.662447885476585,-4.50623168122823,6.59890362171666e-06,0.000555222359033201
982.438875289557,-2.06543555801213,0.410249169954703,-5.03458802424922,4.78877592316014e-07,5.6324529378949e-05
1647.94813666727,-1.06841364800672,0.273065557492603,-3.91266352965682,9.12836821364492e-05,0.00541078606647845
11.5075330391375,6.89883980389229,2.19936106619085,3.13674726262233,0.00170833319765914,0.0493954335081805
85.8617602500876,6.5151981717938,1.45674153521268,4.47244621939237,7.73298523764222e-06,0.000643413012457898
1111.88493888059,1.73646943865566,0.427117522890472,4.06555419900426,4.79184562208579e-05,0.00318487609172063
1689.75283662217,-4.16217873537297,0.663009155693985,-6.27770928897103,3.43597586453123e-10,8.21161678688236e-08
48.3051374104156,2.77816958046587,0.857821687088551,3.23863294934287,0.0012010402999477,0.0388986803267735
874.395711014716,-3.60094627476734,0.462856953292711,-7.77982538482057,7.26247197101762e-15,3.53358986792433e-12
1006.37624539999,-5.58690204184634,0.461135631400484,-12.1155288410022,8.73985787310796e-34,3.27234845198951e-30
16.8677878051865,3.81928741223706,1.03809953244595,3.67911485639351,0.000234044852056854,0.0115303017575816
122.922517278001,-2.90343306488625,0.812255911997279,-3.57452992585418,0.000350857683459399,0.0156389243232448
38.9573696540096,3.47925845336966,0.985423501409211,3.5307240474721,0.000414423866280423,0.0177333945828375
14808.596481576,1.73273493108999,0.53015718991988,3.26834185037054,0.00108179616378326,0.0365962791140309
13.6963554287212,-6.8949842320601,1.70030588722938,-4.05514342086727,5.01035511240113e-05,0.00329115870175706
18.2508398811276,-5.43004746435644,1.578159890444,-3.44074608487785,0.000580112647754156,0.0226826460759989
1142.18632038665,-1.89423905777294,0.438332999045066,-4.32146122217502,1.54999295029572e-05,0.00117637133879708
651.007584078993,-2.08631214145636,0.308261502123913,-6.76799446924681,1.30579746968109e-11,4.13165354315291e-09
112.003414490244,-3.72812661129513,0.619166705635666,-6.02120006996769,1.73128596276912e-09,3.53575810487347e-07
1495.48751011682,-1.39659340709854,0.292453898684724,-4.77543097691484,1.79322791377582e-06,0.000180229071442225
264.843396093054,-2.0964652528191,0.58169396315374,-3.60406912503063,0.000313273679787402,0.0142752397899067
257.066087969441,-2.36176744697303,0.586826351605097,-4.02464449749587,5.70614490511769e-05,0.00366252986552768
198.494321741101,-5.90160007139848,0.94327545246261,-6.25649703487053,3.93720587420419e-10,9.2134718712497e-08
1997.01568873107,-1.32363265804585,0.17864530060178,-7.40927779005154,1.26989058729856e-13,5.18692582612039e-11
2032.69602170806,-7.32505822689632,0.828675709687601,-8.83947500966061,9.61694174343692e-19,6.7513936333222e-16
818.402142230969,-2.34506538646066,0.375691991047085,-6.24198929533942,4.32040526925069e-10,1.00059695230636e-07
75.0464902890373,-2.69930402625922,0.740277078360808,-3.64634284265059,0.000265999033041575,0.0126603141467775
5236.67300527178,-2.64197627988943,0.391083720795947,-6.755526091734,1.42317892454193e-11,4.37968692326498e-09
1942.70199699704,1.57801240927126,0.464309714550619,3.39862027396634,0.000677266767890906,0.0256573321090543
246.358030853606,1.50405102626231,0.43472905297676,3.45974352522218,0.000540690115603415,0.0216035808261435
45.2469658248527,-6.30851083073186,1.93209366364156,-3.26511646378558,0.00109419076807436,0.036736641601751
1121.31682156016,-2.95811878216567,0.684724597467666,-4.3201584886913,1.55917179360108e-05,0.00117851412102722
1150.95667410696,-5.41118606229576,0.601802574693372,-8.99162996278779,2.43590630453409e-19,1.8869874183227e-16
2823.90439780686,-1.01212735198779,0.282082953907332,-3.58804861466491,0.000333162178691998,0.0150518243866275
271.714162359524,-2.32450353016125,0.577984944989155,-4.02173715823146,5.77705023198421e-05,0.00369747673679559
582.790211905732,-1.33587477082578,0.344016373839784,-3.88317205926928,0.00010310255608007,0.00590863405486134
168.393525494404,-4.87593731811881,1.4227287340888,-3.42717286949409,0.000609900668255462,0.023663935254506
114.504971525949,-3.59860332215007,0.668938973421969,-5.37956893697096,7.46644002528754e-08,1.01044322390412e-05
206.825173147515,-1.88437650479217,0.553017613291512,-3.4074439213184,0.000655743817247563,0.025053205534807
75.9287419555077,-2.90137899986211,0.906268194806669,-3.20145737927066,0.00136734301549675,0.0423152287687627
576.121896781419,1.06790229173726,0.291686169970432,3.66113447149556,0.000251100916137527,0.0122099179243064
114.103443438116,-2.88550595648781,0.750520490766654,-3.8446731195044,0.000120713240641984,0.0067626507506787
522.59703712539,-1.63310932171136,0.435259871293314,-3.75203281859824,0.000175406495338971,0.00917984561186493
45.324644792608,2.11524476658803,0.667645160597651,3.16821702818086,0.00153376977486401,0.0458040925131512
199.545006811842,-1.20962586107272,0.353597322688422,-3.42091351788486,0.000624111751067007,0.0241135890306061
182.069261632804,2.48920823439216,0.617931341771239,4.02829257253255,5.61833996563263e-05,0.00363734891434977
1800.52148337664,-2.35309643464294,0.410743016257858,-5.72887752561495,1.01097349386687e-08,1.74703996459378e-06
212.734771952815,-3.17896558734873,0.800442931202804,-3.9715081031096,7.14190709834243e-05,0.00441991578413947
49.5545626281583,-5.73767817304141,0.99549740581096,-5.76362945754473,8.23240523161284e-09,1.45622821675734e-06
77.9835445595158,5.87706088032468,1.80127892868312,3.26271561096943,0.00110350195255138,0.0369451138063586
4615.34651269562,1.52016394397282,0.40693600504878,3.7356339205979,0.000187242898041143,0.0096645599837958
220.768007400271,1.53158635366049,0.425348451489211,3.60078036795049,0.000317263503323071,0.0143986355599046
9082.47597506751,-1.36957328828218,0.430203225810452,-3.18354955545036,0.00145481208630089,0.0444657871003393
311.962409189416,-2.59978755002935,0.487828258191857,-5.3293090475437,9.85871132588547e-08,1.31830922580962e-05
35.2597612301013,-7.11613714365565,1.5558638157084,-4.57375322429207,4.7906405476464e-06,0.000425382371157614
812.978779458438,-3.70420110670503,0.605257506065592,-6.12004158491774,9.35509399933317e-10,2.08081372965366e-07
3073.01887029103,1.2466073556718,0.333181292087267,3.7415286670576,0.000182904308984171,0.00946761590168065
481.661327299326,-3.08032102844713,0.649849688959962,-4.74005155465562,2.13663846630075e-06,0.00020952485768271
117.78849830666,-3.20449893582812,0.86090021490773,-3.72226522927698,0.000197443462549292,0.0101037981461727
1325.05934084837,-1.32889807090693,0.377658310038711,-3.51878413789097,0.00043352929673701,0.0184067832441461
40.8459349650034,5.06203013820816,1.48425913828127,3.41047597932923,0.000648495961807132,0.0249033534734995
77.2951775530214,-2.56489930964855,0.701327909677594,-3.65720410417953,0.000254981341777156,0.0122396492372304
747.669887865886,1.234557152739,0.268710552556762,4.59437540130925,4.34047380722402e-06,0.000388481052108716
1586.37159366431,-9.15702498984457,1.77902361885484,-5.14721945948023,2.64375963242485e-07,3.29955889680135e-05
4662.15091454315,-8.45307445459311,1.4502784562355,-5.82858720561487,5.58985840386889e-09,1.0293128610075e-06
4159.75948718821,-15.0060613471015,2.51461928695365,-5.96752813634892,2.40874761440729e-09,4.62841141809897e-07
2832.13740718955,-14.4005911149496,2.53191998516564,-5.68761698605082,1.28824351017604e-08,2.12796988647828e-06
444.611391308509,-1.43539510088073,0.441459425793492,-3.2514768447875,0.00114807126873945,0.0380404440298404
6167.73767057583,-1.0915864185628,0.327561366900807,-3.33246386437678,0.000860806483652632,0.0308028637511776
164.649683463917,-5.64606991975872,1.47472354527472,-3.82856158894984,0.000128894377717957,0.00707314539326443
2308.25279205814,-5.55181467452473,0.378826524920466,-14.6552955226415,1.24613275162571e-48,1.39971861326358e-44
12026.0832760226,1.57596347716086,0.330525201345311,4.76805844379292,1.86009829061394e-06,0.000184898708401071
464.461606956723,-2.61385412103261,0.485444095318466,-5.38445960356742,7.2662620049829e-08,9.89312581466308e-06
34.1172953535309,2.94158174281993,0.799256423545123,3.68039800014677,0.000232870197365228,0.0114976461182634
2587.61991504027,1.52707248794201,0.417176733950337,3.66049293660705,0.000251730493801234,0.0122140940458849
31.6354722970156,-3.21253065124082,0.664285021874337,-4.83607268785979,1.32429512080822e-06,0.000139672722483364
16.4772237440146,-7.32419552486275,1.39503614820811,-5.25018332626758,1.5194791171652e-07,1.9505770495495e-05
1143.03068448925,-3.20575943393381,0.536296096353428,-5.97759233328665,2.26459577367319e-09,4.50213664208568e-07
1058.37380117546,-1.0004047671564,0.318223211213013,-3.14372029413889,0.00166814803437245,0.0486109347423203
62.8686371732861,3.02178110202845,0.873502573756331,3.45938431415704,0.000541411796355165,0.0216035808261435
51.567460899372,-4.83468908568597,1.01250041381394,-4.77499961454276,1.79707598500149e-06,0.000180229071442225
317.491394572956,-2.12778717927439,0.644226360901481,-3.3028564312347,0.000957053734008871,0.0332820621277233
1186.21735297603,1.13344987331283,0.327156772357272,3.46454656935864,0.000531126171219517,0.0213830635061764
3201.01015788384,-3.53774539537075,0.61416411338599,-5.76026068320171,8.3984127693073e-09,1.47398705361319e-06
2733.95657935713,-2.82183041695811,0.461643438650947,-6.11257559558151,9.80358414261262e-10,2.15919135062542e-07
522.318284231677,-1.74579721453581,0.484032725581959,-3.60677516677578,0.000310026067262015,0.0142137461245738
1916.98038456627,-1.66703101176103,0.261459841548048,-6.37585872419601,1.81940586803239e-10,4.54143920281641e-08
53.9706681067372,-4.10587994648996,0.983957082214601,-4.17282422242322,3.00847042282804e-05,0.00213202801415874
1165.09955093604,-1.62497748728723,0.315878945959808,-5.14430451307757,2.68513689604114e-07,3.33102156213073e-05
364.424954993587,-4.55106850675848,0.424243954224002,-10.7274799356493,7.56306143949702e-27,1.54458341125728e-23
1043.01534201489,-1.06619067710333,0.276310409009174,-3.85866996805006,0.000114005768027527,0.00640284894684601
17.5922213129408,-5.83928298581005,1.80309280587056,-3.23848166150869,0.0012016774603508,0.0388986803267735
933.576206426778,-1.72016258875844,0.298240793967169,-5.76769718815796,8.03620314300802e-09,1.43280399688631e-06
19.1898868348414,2.52484502626783,0.795785362968003,3.17277138253843,0.00150991370292734,0.0456040537535109
393.135130530066,-2.2551692177056,0.560315925463178,-4.02481727757674,5.70195713219466e-05,0.00366252986552768
6627.14202746452,-4.145183825906,1.05044536408861,-3.94612034820342,7.94277020727915e-05,0.00479662184694963
5244.61480874523,-1.29553964853641,0.216425922175159,-5.98606504949025,2.1497841861203e-09,4.31204479832075e-07
1324.22824228885,-1.56589539412826,0.438370215467862,-3.57208436813394,0.000354151273208168,0.0157233366652599
369.996207014894,-2.64386840282492,0.339144202249558,-7.79570573604983,6.40494888973076e-15,3.27016310926821e-12
17.7684511114483,-5.15187787260513,1.01849592955574,-5.05831955052814,4.22967230156722e-07,5.00103096077409e-05
16.1159847986541,3.48620645466642,0.847758074757815,4.11226570229054,3.91795010650126e-05,0.00267528112895291
351.403660579576,3.58260750816171,1.10873488764466,3.23125712745668,0.001232470148067,0.0395176467435888
8.50248923612891,4.53571626396239,1.33793356654573,3.39009079178175,0.000698694794790083,0.0262039708930872
1947.63501586426,-3.66037412635975,0.765452606007904,-4.78197356391515,1.73582511225262e-06,0.000177251414303432
613.203461568644,1.23866318289302,0.323220775636756,3.83225113067935,0.000126976023772642,0.00699146170110883
47.0831070783089,-21.0153277877577,3.88761504312192,-5.40571212804071,6.45514021013772e-08,8.95152622350271e-06
24.0370157233857,2.2370098702031,0.709338845664511,3.15365482078944,0.00161239676680563,0.0473496645310962
332.613365800243,-2.51418967711381,0.400712181888807,-6.27430308023794,3.51203804614218e-10,8.3050457585878e-08
714.472861885648,-1.7141178754409,0.467627670006296,-3.66556126889971,0.000246796714599191,0.0120790592450345
9612.32321764825,-1.36330124681646,0.388581091115964,-3.50840861273306,0.000450796082414299,0.0189105293514266
142.70007233513,-7.50609808594634,1.31872156429853,-5.69195066582467,1.25596147262677e-08,2.09001292463411e-06
513.542820852135,-4.88743955126827,0.965580112440173,-5.06166136636446,4.1561875186327e-07,4.96642301096189e-05
304.060699811381,-1.35015823332304,0.415072726404946,-3.25282329440703,0.00114264530338654,0.0379726726931636
3520.19263141511,-2.36376204400095,0.299205520281741,-7.90012845276104,2.78616150346102e-15,1.45560739942446e-12
55.8490496114843,-6.584003271036,1.60228089018618,-4.10914422768342,3.97128007493284e-05,0.00270347899646564
31.2357532935104,-2.95061838311797,0.60336481408032,-4.89027254201996,1.00696457301437e-06,0.00010928241126941
443.266788940712,-5.00736566946719,0.488062875680441,-10.2596733309947,1.07068321893617e-24,1.60352656756007e-21
72.9866988283,-1.35548731743277,0.429641313670089,-3.15492778348968,0.00160537837054041,0.0472671364275104
32.5864220745886,-4.84842552546082,1.20684845093502,-4.01742697826263,5.88370589073034e-05,0.00375504127372889
40.9164693293597,-2.03645215923128,0.533874512141827,-3.81447720937516,0.000136471530130773,0.00735211732467102
114.423228389627,-4.95985117910976,0.85599690584682,-5.79423961141902,6.86314146252776e-09,1.25349978012753e-06
767.849305218874,-3.37776983484832,0.575268682858537,-5.87163865424417,4.31508475815653e-09,8.14608227663751e-07
506.801686923222,-4.92465063070912,1.18823058803016,-4.14452437121077,3.40519741831187e-05,0.00236104197538198
996.563064046576,-1.91052637361199,0.450437219116423,-4.24149313717831,2.22037680325866e-05,0.00159363466086919
167.940765703068,1.75282288242498,0.473411620251978,3.70253455437367,0.000213456276835351,0.0107037840605048
329.455309486153,-7.4874378124128,1.23553490827395,-6.06007791627094,1.36055625542641e-09,2.88348078095795e-07
1542.7038519817,-2.07051447304608,0.440964375905796,-4.69542345408966,2.6605498642432e-06,0.000254337245532866
21.18349795332,2.1453666813047,0.604098401441202,3.55135301829385,0.000383255988431515,0.0167833251074347
165.004739236168,-1.96770754559864,0.478982090349841,-4.10810254755341,3.98922983375841e-05,0.002707493903788
380.358393090099,-4.16495187127886,0.737305318833585,-5.64888352883145,1.61493219409798e-08,2.59138941002937e-06
538.459358314108,1.17001394104799,0.346598458257982,3.37570440136557,0.000736269780849208,0.0272492596816762
191.68519377625,4.51194779826737,1.127313245958,4.00239047526945,6.2705697877295e-05,0.00395887930442012
55.6650635315192,-3.81729617712009,0.860646864921797,-4.43538033159158,9.19098768067498e-06,0.000750820139077685
220.173903585996,-3.797870009211,0.71210536976004,-5.33329781025352,9.64449410950421e-08,1.29738658784438e-05
125.104389478225,1.3904089448439,0.414924119168816,3.35099571369627,0.000805215487287397,0.0292888332300778
292.570145928295,-2.99123801496778,0.663604883840817,-4.50755877150131,6.55777693951948e-06,0.000553836311828215
150.037957015436,1.31408396464346,0.379263302493495,3.46483289051146,0.000530561049808746,0.0213830635061764
439.553119726416,-1.10183134122188,0.351267757038536,-3.13672780704722,0.00170844655401096,0.0493954335081805
77.9395910828384,-3.40735508256809,0.411766511510749,-8.27496891397672,1.28489136632641e-16,7.59607488013759e-14
12.4724452205656,6.47710283441697,1.90706117682629,3.39637915821666,0.000682837006084526,0.0257381431907531
279.890488962071,1.03567412237816,0.314670305469818,3.2912991927594,0.000997257865318348,0.0343741705037175
29.038563138557,-5.12608796587079,1.58866119112514,-3.22667161161048,0.00125239104627111,0.0397386509244073
116.145337715562,-1.78272346263679,0.46030999484345,-3.87287585020415,0.000107558624320984,0.00608640930823907
59.8616130385671,-3.25376715722705,0.829612009260666,-3.9220347836174,8.7804312544003e-05,0.00526006368346941
